{
  "drawer": {
    "part1": {
      "axis": [
        -0.9697839468107998,
        0.2420309164696727,
        0.030661571729421386
      ],
      "pivot": [
        -1.2639461451694398
      ]
    },
    "part2": {
      "axis": [
        -0.9724614768296943,
        0.2323425825954294,
        0.018319399419637793
      ],
      "pivot": [
        -1.215845819984023
      ]
    }
  },
  "sink": {
    "part1": {
      "axis": [
        0.011667996842978257,
        0.0016664796169856763,
        0.9999305379351903
      ],
      "pivot": [
        0.282948618549236,
        -1.1450908943515576,
        0.8638230232782902
      ]
    },
    "part2": {
      "axis": [
        0.011283630017431987,
        -0.004269940325692861,
        0.9999272210032315
      ],
      "pivot": [
        -0.5711490604604172,
        -0.943365361085142,
        0.858865762270042
      ]
    }
  },
  "refrigerator": {
    "part1": {
      "axis": [
        0.01845365535559069,
        0.012822284654900052,
        0.9997474939304655
      ],
      "pivot": [
        0.4029322715340261,
        -1.1013132738663365,
        1.1190551332501593
      ]
    },
    "part2": {
      "axis": [
        0.01845365535559069,
        0.012822284654900052,
        0.9997474939304655
      ],
      "pivot": [
        0.4029322715340261,
        -1.1013132738663365,
        1.1190551332501593
      ]
    }
  },
  "trashbin": {
    "part1": {
      "axis": [
        0.2743059868873246,
        0.9613826083564436,
        -0.02235410270022261
      ],
      "pivot": [
        1.7295686496677478,
        -0.07319971922852087,
        0.9065431070083432
      ]
    }
  },
  "washingmachine": {
    "part1": {
      "axis": [
        -0.0032475388711064625,
        -0.005552328075020032,
        -1.0002714472900982
      ],
      "pivot": [
        -1.31867557373737,
        -0.7040606146473997,
        0.4345896043142765
      ]
    }
  },
  "gasstove": {
    "part1": {
      "axis": [
        0.2470319408438644,
        0.9685769148926716,
        -0.02887871430496658
      ],
      "pivot": [
        -0.775994367320826,
        -0.834163877750171,
        0.8162202094353808
      ]
    },
    "part2": {
      "axis": [
        0.2507613935316267,
        0.9675979611478331,
        -0.029545035058923384
      ],
      "pivot": [
        -1.0650973600887246,
        -0.7575229643808631,
        0.8187908053434603
      ]
    }
  },
  "microwave": {
    "part1": {
      "axis": [
        -0.007626844168815916,
        -0.024346535164240672,
        -1.680921042346571
      ],
      "pivot": [
        0.8239041571448611,
        -1.3102364948144283,
        1.383042239874449
      ]
    }
  },
  "laptop": {
    "part1": {
      "axis": [
        0.9605280568177277,
        4.216347987618798,
        -0.06648268339390817
      ],
      "pivot": [
        1.0407006920922948,
        -2.9401135917098697,
        0.7839081944742662
      ]
    }
  }
}