{
  "open_drawer": {
    "groundtruth": {
      "axis": [
        -0.969784,
        0.242031,
        0.030662
      ]
    },
    "my_method": {
      "axis": [
        -0.96992,
        0.24184,
        0.02774
      ],
      "axis_angle_error_deg": 0.167905
    },
    "sturm": {
      "axis": [
        0.96992,
        -0.241839,
        -0.027738
      ],
      "axis_angle_error_deg": 0.16805
    }
  },
  "open_refridge": {
    "groundtruth": {
      "axis": [
        0.018454,
        0.012822,
        0.999747
      ],
      "pivot": [
        0.402932,
        -1.101313,
        1.119055
      ]
    },
    "my_method": {
      "axis": [
        0.018454,
        0.012822,
        0.999748
      ],
      "pivot": [
        0.384411,
        -1.111455,
        0.747365
      ],
      "axis_angle_error_deg": 0.0,
      "axis_distance_error": 0.012837
    },
    "sturm": {
      "quaternion": [
        -0.009084,
        0.007325,
        -0.264831,
        0.964224
      ],
      "axis": [
        -0.034268,
        0.027632,
        -0.999031
      ],
      "pivot": [
        0.384808,
        -1.132571,
        0.450645
      ],
      "axis_angle_error_deg": 2.489221,
      "axis_distance_error": 0.013652
    }
  },
  "close_refridge": {
    "groundtruth": {
      "axis": [
        0.018454,
        0.012822,
        0.999747
      ],
      "pivot": [
        0.402932,
        -1.101313,
        1.119055
      ]
    },
    "my_method": {
      "status": "wrong"
    },
    "sturm": {
      "quaternion": [
        -0.011137,
        0.0015,
        -0.737707,
        0.675028
      ],
      "axis": [
        -0.015095,
        0.002033,
        -0.999884
      ],
      "pivot": [
        0.356209,
        -1.106706,
        0.418062
      ],
      "axis_angle_error_deg": 0.872676,
      "axis_distance_error": 0.033741
    }
  },
  "open_gasstove": {
    "groundtruth": {
      "axis": [
        -0.250761,
        -0.967598,
        0.029545
      ],
      "pivot": [
        -1.071034,
        -0.780822,
        0.820247
      ]
    },
    "my_method": {
      "axis": [
        -0.250761,
        -0.967598,
        0.029545
      ],
      "pivot": [
        -1.071034,
        -0.780822,
        0.820247
      ],
      "axis_angle_error_deg": 0.0,
      "axis_distance_error": 0.0
    },
    "sturm": {
      "status": "wrong"
    }
  },
  "close_gasstove": {
    "groundtruth": {
      "axis": [
        -0.250761,
        -0.967598,
        0.029545
      ],
      "pivot": [
        -1.071034,
        -0.780822,
        0.820247
      ]
    },
    "my_method": {
      "axis": [
        0.250761,
        0.967598,
        -0.029545
      ],
      "pivot": [
        -1.071261,
        -0.781287,
        0.819548
      ],
      "axis_angle_error_deg": 2e-06,
      "axis_distance_error": 0.000721
    },
    "sturm": {
      "status": "wrong"
    }
  },
  "open_microwave": {
    "groundtruth": {
      "axis": [
        -0.007627,
        -0.024347,
        -1.680921
      ],
      "pivot": [
        0.823904,
        -1.310236,
        1.383042
      ]
    },
    "my_method": {
      "axis": [
        0.004537,
        0.014482,
        0.999885
      ],
      "pivot": [
        0.824053,
        -1.311018,
        1.358125
      ],
      "axis_angle_error_deg": 0.0,
      "axis_distance_error": 0.000495
    },
    "sturm": {
      "quaternion": [
        -0.001159,
        0.00875,
        0.624192,
        0.781221
      ],
      "axis": [
        -0.001857,
        0.014017,
        0.9999
      ],
      "pivot": [
        0.128214,
        -1.150922,
        1.263329
      ],
      "axis_angle_error_deg": 0.367286,
      "axis_distance_error": 0.211121
    }
  },
  "close_microwave": {
    "groundtruth": {
      "axis": [
        -0.007627,
        -0.024347,
        -1.680921
      ],
      "pivot": [
        0.823904,
        -1.310236,
        1.383042
      ]
    },
    "my_method": {
      "axis": [
        0.004537,
        0.014482,
        0.999885
      ],
      "pivot": [
        0.824014,
        -1.311239,
        1.345136
      ],
      "axis_angle_error_deg": 0.0,
      "axis_distance_error": 0.000534
    },
    "sturm": {
      "quaternion": [
        -0.00643,
        0.004046,
        0.256441,
        0.96653
      ],
      "axis": [
        -0.025063,
        0.015771,
        0.999561
      ],
      "pivot": [
        0.752443,
        -1.186982,
        1.255471
      ],
      "axis_angle_error_deg": 1.697711,
      "axis_distance_error": 0.121877
    }
  },
  "open_washmachine": {
    "groundtruth": {
      "axis": [
        -0.003248,
        -0.005552,
        -1.000271
      ],
      "pivot": [
        -1.318676,
        -0.704061,
        0.43459
      ]
    },
    "my_method": {
      "axis": [
        -0.001379,
        0.004844,
        0.999987
      ],
      "pivot": [
        -1.313869,
        -0.707339,
        0.478938
      ],
      "axis_angle_error_deg": 0.268078,
      "axis_distance_error": 0.004188
    },
    "sturm": {
      "quaternion": [
        -0.002496,
        0.000335,
        0.39923,
        0.916847
      ],
      "axis": [
        -0.006252,
        0.000839,
        0.99998
      ],
      "pivot": [
        -1.32963,
        -0.676689,
        0.46121
      ],
      "axis_angle_error_deg": 0.607502,
      "axis_distance_error": 0.029294
    }
  },
  "close_washmachine": {
    "groundtruth": {
      "axis": [
        -0.003248,
        -0.005552,
        -1.000271
      ],
      "pivot": [
        -1.318676,
        -0.704061,
        0.43459
      ]
    },
    "my_method": {
      "axis": [
        -0.001379,
        0.004844,
        0.999987
      ],
      "pivot": [
        -1.316922,
        -0.707784,
        0.47886
      ],
      "axis_angle_error_deg": 0.268077,
      "axis_distance_error": 0.004167
    },
    "sturm": {
      "quaternion": [
        -0.002418,
        0.000709,
        0.533749,
        0.845639
      ],
      "axis": [
        -0.00453,
        0.001328,
        0.999989
      ],
      "pivot": [
        -1.221029,
        -0.783668,
        0.471952
      ],
      "axis_angle_error_deg": 0.507018,
      "axis_distance_error": 0.116677
    }
  },
  "open_trashbin": {
    "groundtruth": {
      "axis": [
        0.274306,
        0.961383,
        -0.022354
      ],
      "pivot": [
        1.729569,
        -0.0732,
        0.906543
      ]
    },
    "my_method": {
      "axis": [
        0.26711,
        0.963648,
        -0.005846
      ],
      "pivot": [
        1.738052,
        -0.076216,
        0.899147
      ],
      "axis_angle_error_deg": 1.039948,
      "axis_distance_error": 0.005096
    },
    "sturm": {
      "status": "wrong"
    }
  },
  "sit_on_chair": {
    "groundtruth": {
      "axis": [
        0.0,
        0.0,
        1.0
      ]
    },
    "my_method": {
      "axis": [
        -0.006197,
        -0.051574,
        -0.99865
      ],
      "axis_angle_error_deg": 2.977584
    },
    "sturm": {
      "status": "wrong"
    }
  },
  "sit_up_chair": {
    "groundtruth": {
      "axis": [
        0.0,
        0.0,
        1.0
      ]
    },
    "my_method": {
      "axis": [
        0.004649,
        -0.020772,
        0.999774
      ],
      "axis_angle_error_deg": 1.219657
    },
    "sturm": {
      "status": "wrong"
    }
  }
}