{
  "evaluation_timestamp": "2025-05-28T19:37:37.461857",
  "summary_statistics": {
    "total_files": 1,
    "successful_evaluations": 1,
    "classification_correct": 1,
    "classification_incorrect": 0,
    "errors_occurred": 0,
    "by_object_type": {
      "drawer": {
        "total": 1,
        "correct_classification": 1,
        "incorrect_classification": 0
      }
    },
    "by_joint_type": {
      "prismatic": {
        "expected": 1,
        "detected": 1,
        "correct_detections": 1
      }
    },
    "classification_accuracy": 100.0
  },
  "detailed_results": [
    {
      "filename": "s204_drawer_part2_1320_1440",
      "scene_info": {
        "scene": "s204",
        "object": "drawer",
        "part": "part2"
      },
      "expected_joint_type": "prismatic",
      "detected_joint_type": "prismatic",
      "classification_correct": true,
      "joint_params": {
        "axis": [
          0.9449436664581299,
          0.32656049728393555,
          -0.020968183875083923
        ],
        "origin": [
          1.1181851625442505,
          0.5077136754989624,
          0.2605648934841156
        ],
        "motion_limit": [
          -0.19561737775802612,
          0.014079262502491474
        ]
      },
      "all_joint_probabilities": {
        "prismatic": 0.9999999403953552,
        "planar": 6.587996814744201e-09,
        "revolute": 0.0,
        "screw": 0.0,
        "ball": 0.0
      },
      "ground_truth": {
        "axis": [
          -0.9449434822688496,
          -0.32656110011646133,
          0.020968147470551857
        ],
        "pivot": [
          -1.2286437607598446
        ]
      },
      "errors": {
        "axis_angle_error_degrees": 0.0
      }
    }
  ]
}